Date,Open,High,Low,Close*,Adj Close**,Volume
01-01-84,997.50,1082.00,993.30,1063.00,1063.00,-
01-02-84,1062.60,1062.60,1010.00,1040.30,1040.30,-
01-03-84,1042.10,1131.30,1042.10,1112.50,1112.50,-
01-04-84,1112.50,1138.30,1090.00,1138.30,1138.30,-
01-05-84,1137.20,1142.80,1008.20,1021.00,1021.00,-
01-06-84,1026.80,1090.50,1024.30,1041.40,1041.40,-
01-07-84,1041.40,1065.10,978.70,1010.10,1010.10,-
01-08-84,1010.10,1104.60,1006.20,1103.90,1103.90,-
01-09-84,1105.20,1146.00,1076.90,1140.30,1140.30,-
01-10-84,1137.50,1155.30,1079.00,1151.00,1151.00,-
01-11-84,1151.00,1188.00,1147.70,1181.30,1181.30,-
01-12-84,1187.90,1232.30,1169.90,1232.20,1232.20,-
01-01-85,1232.20,1306.40,1199.60,1280.80,1280.80,-
01-02-85,1277.30,1300.30,1256.30,1259.70,1259.70,-
01-03-85,1257.60,1309.90,1247.70,1277.00,1277.00,-
01-04-85,1277.00,1313.00,1266.50,1291.00,1291.00,-
01-05-85,1293.70,1344.80,1293.70,1313.00,1313.00,-
01-06-85,1315.00,1336.70,1221.50,1234.90,1234.90,-
01-07-85,1234.90,1266.80,1215.40,1261.70,1261.70,-
01-08-85,1271.70,1341.10,1271.00,1340.80,1340.80,-
01-09-85,1340.30,1344.70,1269.50,1290.00,1290.00,-
01-10-85,1292.80,1379.10,1292.80,1377.20,1377.20,-
01-11-85,1377.20,1460.70,1371.50,1439.10,1439.10,-
01-12-85,1439.10,1439.60,1361.00,1412.60,1412.60,-
01-01-86,1412.60,1436.30,1365.70,1435.00,1435.00,-
01-02-86,1433.40,1555.20,1421.50,1543.90,1543.90,-
01-03-86,1543.90,1690.10,1529.80,1668.80,1668.80,-
01-04-86,1671.10,1721.70,1603.70,1660.50,1660.50,-
01-05-86,1645.40,1657.70,1554.00,1602.80,1602.80,-
01-06-86,1602.80,1649.80,1563.20,1649.80,1649.80,-
01-07-86,1652.50,1663.60,1536.80,1558.10,1558.10,-
01-08-86,1558.10,1662.00,1519.20,1661.20,1661.20,-
01-09-86,1661.20,1694.30,1539.20,1555.80,1555.80,-
01-10-86,1560.90,1632.20,1559.00,1632.10,1632.10,-
01-11-86,1634.40,1667.20,1596.20,1636.70,1636.70,-
01-12-86,1636.70,1679.20,1607.80,1679.00,1679.00,-
01-01-87,1679.00,1817.00,1674.50,1808.30,1808.30,-
01-02-87,1821.50,1995.30,1821.50,1979.20,1979.20,-
01-03-87,1981.30,2064.50,1965.70,1997.60,1997.60,-
01-04-87,1997.60,2050.90,1903.30,2050.50,2050.50,-
01-05-87,2061.70,2216.60,2058.80,2203.00,2203.00,-
01-06-87,2209.70,2327.60,2200.90,2284.10,2284.10,-
01-07-87,2273.40,2455.20,2265.50,2360.90,2360.90,-
01-08-87,2356.20,2356.20,2157.20,2249.70,2249.70,-
01-09-87,2249.70,2375.90,2238.60,2366.00,2366.00,-
01-10-87,2372.10,2399.90,1598.00,1749.80,1749.80,-
01-11-87,1737.10,1737.10,1515.00,1579.90,1579.90,-
01-12-87,1579.90,1792.30,1562.10,1713.90,1713.90,-
01-01-88,1713.90,1810.30,1711.50,1790.80,1790.80,-
01-02-88,1790.80,1807.30,1690.00,1768.80,1768.80,-
01-03-88,1781.00,1855.70,1739.00,1742.50,1742.50,-
01-04-88,1742.50,1826.80,1725.40,1802.20,1802.20,-
01-05-88,1802.20,1809.70,1752.00,1784.50,1784.50,-
01-06-88,1798.90,1892.20,1798.90,1857.60,1857.60,-
01-07-88,1857.60,1883.50,1826.70,1853.60,1853.60,-
01-08-88,1860.50,1885.20,1745.20,1753.60,1753.60,-
01-09-88,1743.90,1830.60,1717.70,1826.50,1826.50,-
01-10-88,1817.40,1870.80,1787.00,1852.40,1852.40,-
01-11-88,1853.10,1860.00,1775.00,1792.40,1792.40,-
01-12-88,1787.20,1804.90,1737.90,1793.10,1793.10,-
01-01-89,1793.10,2072.70,1782.40,2051.80,2051.80,-
01-02-89,2051.80,2106.10,1983.30,2002.40,2002.40,-
01-03-89,2014.30,2132.30,2014.30,2075.00,2075.00,-
01-04-89,2075.00,2134.90,2001.50,2118.00,2118.00,-
01-05-89,2118.00,2209.70,2092.30,2114.40,2114.40,-
01-06-89,2114.40,2225.60,2076.50,2151.00,2151.00,-
01-07-89,2151.70,2319.90,2151.70,2297.00,2297.00,-
01-08-89,2297.00,2404.50,2284.50,2387.90,2387.90,-
01-09-89,2392.10,2435.70,2278.30,2299.40,2299.40,-
01-10-89,2289.30,2331.10,2029.70,2142.60,2142.60,-
01-11-89,2142.60,2276.80,2141.70,2276.80,2276.80,-
01-12-89,2296.20,2422.80,2296.20,2422.70,2422.70,-
01-01-90,2422.70,2479.40,2250.50,2337.30,2337.30,-
01-02-90,2343.60,2356.20,2208.40,2255.40,2255.40,-
01-03-90,2246.20,2306.90,2211.80,2247.90,2247.90,-
01-04-90,2245.00,2247.50,2084.40,2103.40,2103.40,-
01-05-90,2111.40,2357.20,2111.40,2345.10,2345.10,-
01-06-90,2345.10,2430.50,2332.70,2374.60,2374.60,-
01-07-90,2374.60,2430.60,2311.50,2326.20,2326.20,-
01-08-90,2329.30,2347.90,2051.20,2162.80,2162.80,-
01-09-90,2163.50,2176.70,1974.10,1990.20,1990.20,-
01-10-90,2006.30,2283.70,2006.30,2050.30,2050.30,-
01-11-90,2049.30,2191.70,2011.20,2149.40,2149.40,-
01-12-90,2159.70,2192.90,2138.00,2143.50,2143.50,-
01-01-91,2143.50,2182.10,2052.30,2170.30,2170.30,-
01-02-91,2168.50,2388.40,2155.60,2380.90,2380.90,-
01-03-91,2374.90,2527.10,2368.40,2456.50,2456.50,-
01-04-91,2456.50,2555.30,2438.60,2486.20,2486.20,-
01-05-91,2487.40,2554.90,2444.60,2499.50,2499.50,-
01-06-91,2497.70,2543.00,2414.70,2414.80,2414.80,-
01-07-91,2416.90,2612.40,2416.90,2588.80,2588.80,-
01-08-91,2586.20,2648.20,2495.70,2645.70,2645.70,-
01-09-91,2653.90,2683.70,2564.50,2621.70,2621.70,-
01-10-91,2643.40,2649.90,2511.90,2566.00,2566.00,-
01-11-91,2559.00,2580.30,2405.60,2420.20,2420.20,-
01-12-91,2412.40,2494.00,2327.00,2493.10,2493.10,-
01-01-92,2493.10,2580.20,2441.30,2571.20,2571.20,-
01-02-92,2563.70,2572.80,2500.60,2562.10,2562.10,-
01-03-92,2552.20,2574.80,2427.90,2440.10,2440.10,-
01-04-92,2384.10,2673.50,2374.10,2654.10,2654.10,-
01-05-92,2660.10,2744.50,2650.50,2707.60,2707.60,-
01-06-92,2697.70,2717.40,2502.20,2521.20,2521.20,-
01-07-92,2525.60,2529.40,2347.40,2399.60,2399.60,-
01-08-92,2390.80,2434.80,2260.60,2312.60,2312.60,-
01-09-92,2313.00,2657.30,2282.40,2553.00,2553.00,-
01-10-92,2558.40,2681.90,2446.10,2658.30,2658.30,-
01-11-92,2657.10,2784.10,2649.10,2778.80,2778.80,-
01-12-92,2772.00,2848.90,2704.20,2846.50,2846.50,-
01-01-93,2846.50,2870.20,2727.60,2807.20,2807.20,-
01-02-93,2821.90,2900.10,2794.20,2868.00,2868.00,-
01-03-93,2861.90,2980.90,2833.00,2878.70,2878.70,-
01-04-93,2871.30,2897.50,2773.70,2813.10,2813.10,-
01-05-93,2813.10,2869.20,2772.20,2840.70,2840.70,-
01-06-93,2836.10,2917.20,2829.80,2900.00,2900.00,-
01-07-93,2901.50,2939.50,2801.20,2926.50,2926.50,-
01-08-93,2920.00,3115.10,2919.50,3100.00,3100.00,-
01-09-93,3099.50,3099.50,2975.00,3037.50,3037.50,-
01-10-93,3039.00,3199.20,3026.80,3171.00,3171.00,-
01-11-93,3170.70,3176.20,3050.60,3166.90,3166.90,-
01-12-93,3197.00,3480.80,3190.30,3418.40,3418.40,-
01-01-94,3418.40,3496.10,3355.30,3491.80,3491.80,-
01-02-94,3511.40,3539.20,3243.40,3328.10,3328.10,-
01-03-94,3322.90,3328.80,3061.90,3086.40,3086.40,-
01-04-94,3086.40,3191.40,3047.00,3125.30,3125.30,-
01-05-94,3125.30,3157.50,2925.00,2970.50,2970.50,-
01-06-94,2984.20,3059.20,2844.70,2919.20,2919.20,-
01-07-94,2914.10,3132.80,2906.20,3082.60,3082.60,-
01-08-94,3077.80,3280.00,3075.80,3251.30,3251.30,-
01-09-94,3243.60,3253.40,2986.00,3026.30,3026.30,-
01-10-94,3024.30,3151.20,2950.20,3097.40,3097.40,-
01-11-94,3081.50,3168.10,3010.10,3081.40,3081.40,-
01-12-94,3079.60,3109.70,2938.80,3065.50,3065.50,-
01-01-95,3065.50,3084.40,2949.40,2991.60,2991.60,-
01-02-95,3001.80,3114.60,2998.20,3009.30,3009.30,-
01-03-95,3020.00,3185.60,2958.60,3137.90,3137.90,-
01-04-95,3134.20,3241.50,3129.50,3216.70,3216.70,-
01-05-95,3212.80,3360.80,3211.20,3319.40,3319.40,-
01-06-95,3352.30,3404.20,3265.50,3314.60,3314.60,-
01-07-95,3310.20,3487.80,3300.40,3463.30,3463.30,-
01-08-95,3458.70,3540.70,3433.40,3477.80,3477.80,-
01-09-95,3484.70,3587.00,3474.60,3508.20,3508.20,-
01-10-95,3510.60,3598.00,3442.50,3529.10,3529.10,-
01-11-95,3517.50,3671.00,3493.00,3664.30,3664.30,-
01-12-95,3654.00,3690.60,3558.50,3689.30,3689.30,-
01-01-96,3689.30,3767.40,3645.30,3759.30,3759.30,-
01-02-96,3753.30,3791.60,3688.70,3727.60,3727.60,-
01-03-96,3729.50,3792.50,3629.10,3699.70,3699.70,-
01-04-96,3692.10,3858.90,3692.10,3817.90,3817.90,-
01-05-96,3816.90,3829.40,3707.30,3747.80,3747.80,-
01-06-96,3737.00,3774.70,3671.60,3711.00,3711.00,-
01-07-96,3710.40,3790.00,3612.60,3703.20,3703.20,-
01-08-96,3709.30,3922.10,3697.70,3867.60,3867.60,-
01-09-96,3873.70,3994.10,3835.80,3953.70,3953.70,-
01-10-96,3954.70,4073.20,3951.90,3979.10,3979.10,-
01-11-96,3982.70,4094.40,3896.50,4058.00,4058.00,-
01-12-96,4055.90,4123.20,3882.70,4118.50,4118.50,-
01-01-97,4118.50,4275.80,4036.90,4275.80,4275.80,-
01-02-97,4272.30,4362.40,4252.80,4308.30,4308.30,-
01-03-97,4293.40,4466.30,4214.30,4312.90,4312.90,-
01-04-97,4205.10,4466.50,4200.50,4436.00,4436.00,-
01-05-97,4435.90,4723.70,4423.60,4621.30,4621.30,-
01-06-97,4644.70,4796.00,4524.20,4604.60,4604.60,-
01-07-97,4606.00,4998.10,4597.10,4907.50,4907.50,-
01-08-97,4914.60,5095.30,4779.30,4817.50,4817.50,-
01-09-97,4816.60,5269.20,4795.30,5244.20,5244.20,-
01-10-97,5241.40,5367.30,4382.80,4842.30,4842.30,-
01-11-97,4877.00,4985.80,4680.40,4831.80,4831.80,-
01-12-97,4871.70,5247.60,4859.80,5135.50,5135.50,-
01-01-98,5135.50,5458.50,4988.30,5458.50,5458.50,-
01-02-98,5589.90,5821.80,5530.80,5767.30,5767.30,-
01-03-98,5767.30,6105.80,5629.10,5932.20,5932.20,-
01-04-98,5930.90,6150.50,5699.90,5928.40,5928.40,-
01-05-98,5932.70,6064.60,5794.50,5870.70,5870.70,-
01-06-98,5870.70,6049.60,5646.10,5832.60,5832.60,-
01-07-98,5840.60,6183.70,5782.20,5837.10,5837.10,-
01-08-98,5832.20,5832.20,5108.70,5249.40,5249.40,-
01-09-98,5139.50,5399.80,4899.60,5064.40,5064.40,-
01-10-98,5024.80,5455.20,4599.20,5438.40,5438.40,-
01-11-98,5454.30,5881.70,5359.50,5743.90,5743.90,-
01-12-98,5723.30,5970.10,5377.20,5882.60,5882.60,-
01-01-99,5882.60,6195.60,5736.80,5896.00,5896.00,25492140000.00
01-02-99,5926.00,6319.80,5697.70,6175.10,6175.10,10997843000.00
01-03-99,6177.50,6365.40,5968.30,6295.30,6295.30,13258784000.00
01-04-99,6283.10,6635.90,6280.20,6552.20,6552.20,11327739000.00
01-05-99,6552.20,6663.80,6110.10,6226.20,6226.20,20807156000.00
01-06-99,6231.00,6613.60,6227.50,6318.50,6318.50,11647956000.00
01-07-99,6372.10,6649.50,6092.10,6231.90,6231.90,11878815000.00
01-08-99,6228.40,6434.40,5976.20,6246.40,6246.40,10057050000.00
01-09-99,6251.10,6388.40,5868.40,6029.80,6029.80,11775277000.00
01-10-99,6029.80,6279.30,5798.30,6255.70,6255.70,13150541000.00
01-11-99,6255.70,6759.30,6231.00,6597.20,6597.20,16793563000.00
01-12-99,6597.20,6950.60,6575.30,6930.20,6930.20,11529365000.00
01-01-00,6930.20,6930.20,6246.80,6268.50,6268.50,34287688000.00
01-02-00,6268.50,6450.90,5972.70,6232.60,6232.60,33468110000.00
01-03-00,6232.60,6770.40,6232.60,6540.20,6540.20,24499272000.00
01-04-00,6540.20,6586.30,5915.20,6327.40,6327.40,17953192000.00
01-05-00,6327.40,6419.90,5991.90,6359.40,6359.40,38243682000.00
01-06-00,6359.30,6635.70,6221.00,6312.70,6312.70,17657991000.00
01-07-00,6312.70,6545.10,6274.90,6365.30,6365.30,16688347000.00
01-08-00,6365.30,6675.70,6296.40,6672.70,6672.70,19036058000.00
01-09-00,6672.70,6838.60,6075.10,6294.20,6294.20,20830932000.00
01-10-00,6294.20,6475.80,6017.20,6438.40,6438.40,20713930000.00
01-11-00,6438.40,6514.70,6070.00,6142.20,6142.20,20611042000.00
01-12-00,6142.20,6421.50,6083.70,6222.50,6222.50,16184311000.00
01-01-01,6222.50,6360.30,6029.30,6297.50,6297.50,55745684000.00
01-02-01,6297.50,6309.90,5901.70,5917.90,5917.90,23977042000.00
01-03-01,5917.90,6050.40,5279.60,5633.70,5633.70,27732111000.00
01-04-01,5633.70,5995.40,5354.30,5967.00,5967.00,23006315000.00
01-05-01,5966.90,5993.70,5690.50,5796.20,5796.20,25749874000.00
01-06-01,5796.10,5981.80,5519.60,5642.50,5642.50,26428794000.00
01-07-01,5642.50,5726.10,5260.50,5529.10,5529.10,27218149000.00
01-08-01,5529.10,5644.20,5286.70,5345.00,5345.00,24439402000.00
01-09-01,5345.00,5379.60,4219.80,4903.40,4903.40,34128664000.00
01-10-01,4903.40,5279.80,4730.70,5039.70,5039.70,29698603000.00
01-11-01,5039.70,5383.20,4988.30,5203.60,5203.60,31085113000.00
01-12-01,5203.60,5411.20,5032.30,5217.40,5217.40,19398298000.00
01-01-02,5217.40,5362.30,5052.80,5164.80,5164.80,54419416000.00
01-02-02,5164.80,5238.00,5015.50,5101.00,5101.00,28379876000.00
01-03-02,5101.00,5331.60,5101.00,5271.80,5271.80,26766432000.00
01-04-02,5271.80,5292.30,5116.00,5165.60,5165.60,63351782000.00
01-05-02,5165.60,5282.20,5016.90,5085.10,5085.10,33410901000.00
01-06-02,5085.10,5085.10,4442.90,4656.40,4656.40,62001076000.00
01-07-02,4656.40,4708.70,3625.90,4246.20,4246.20,44350087000.00
01-08-02,4246.20,4466.40,3900.70,4227.30,4227.30,28961622000.00
01-09-02,4227.30,4246.40,3609.90,3721.80,3721.80,35426907000.00
01-10-02,3721.80,4197.50,3663.40,4039.70,4039.70,36697812000.00
01-11-02,4039.70,4224.80,3953.30,4169.40,4169.40,40891688000.00
01-12-02,4169.40,4218.60,3803.40,3940.40,3940.40,25332268000.00
01-01-03,3940.40,4027.60,3391.50,3567.40,3567.40,76959002000.00
01-02-03,3567.40,3747.00,3535.10,3655.60,3655.60,33096864000.00
01-03-03,3655.60,3881.70,3277.50,3613.30,3613.30,37217666000.00
01-04-03,3613.30,3997.30,3612.30,3926.00,3926.00,29310772000.00
01-05-03,3926.00,4096.00,3875.30,4048.10,4048.10,31531355000.00
01-06-03,4048.10,4218.80,4021.60,4031.20,4031.20,34210105000.00
01-07-03,4031.20,4183.00,3951.50,4157.00,4157.00,36504021900.00
01-08-03,4157.00,4286.90,4044.90,4161.10,4161.10,29665062700.00
01-09-03,4161.10,4329.60,4081.80,4091.30,4091.30,40698786200.00
01-10-03,4091.30,4393.80,4091.30,4287.60,4287.60,40567964300.00
01-11-03,4287.60,4423.60,4270.50,4342.60,4342.60,34775662100.00
01-12-03,4342.60,4491.80,4312.50,4476.90,4476.90,29985787000.00
01-01-04,4476.90,4531.40,4390.70,4390.70,4390.70,79737448400.00
01-02-04,4390.70,4556.90,4357.40,4492.20,4492.20,40249839400.00
01-03-04,4492.20,4566.20,4291.30,4385.70,4385.70,42624016800.00
01-04-04,4385.70,4601.60,4385.10,4489.70,4489.70,32764019800.00
01-05-04,4489.70,4573.70,4363.00,4430.70,4430.70,65478858600.00
01-06-04,4430.70,4535.10,4400.70,4464.10,4464.10,33637349800.00
01-07-04,4464.10,4487.90,4283.20,4413.10,4413.10,34559558300.00
01-08-04,4413.10,4490.10,4283.00,4459.30,4459.30,28677387400.00
01-09-04,4459.30,4630.70,4459.30,4570.80,4570.80,35555566800.00
01-10-04,4570.80,4732.90,4551.60,4624.20,4624.20,32878422300.00
01-11-04,4624.20,4823.80,4624.20,4703.20,4703.20,33887966500.00
01-12-04,4703.20,4826.20,4675.00,4814.30,4814.30,28451048500.00
01-01-05,4814.30,4879.50,4765.40,4852.30,4852.30,62978437400.00
01-02-05,4852.30,5077.80,4852.30,4968.50,4968.50,33004713300.00
01-03-05,4968.50,5042.00,4886.50,4894.40,4894.40,34739240300.00
01-04-05,4894.40,4994.10,4773.70,4801.70,4801.70,32554037300.00
01-05-05,4801.70,5004.30,4801.70,4964.00,4964.00,61670863200.00
01-06-05,4964.00,5138.20,4964.00,5113.20,5113.20,33009384900.00
01-07-05,5113.20,5308.60,5022.10,5282.30,5282.30,35914811800.00
01-08-05,5282.30,5386.40,5228.10,5296.90,5296.90,28548031300.00
01-09-05,5296.90,5508.40,5296.90,5477.70,5477.70,32549434600.00
01-10-05,5477.70,5515.00,5130.90,5317.30,5317.30,34392061700.00
01-11-05,5317.30,5554.90,5304.90,5423.20,5423.20,39097398000.00
01-12-05,5423.20,5647.20,5423.20,5618.80,5618.80,28936712900.00
01-01-06,5618.80,5796.10,5618.80,5760.30,5760.30,78316945400.00
01-02-06,5760.30,5893.30,5681.90,5791.50,5791.50,37360442700.00
01-03-06,5791.50,6047.00,5783.90,5964.60,5964.60,44156359200.00
01-04-06,5964.60,6137.10,5964.60,6023.10,6023.10,30775738400.00
01-05-06,6023.10,6133.50,5510.50,5723.80,5723.80,80102979800.00
01-06-06,5723.80,5865.70,5467.40,5833.40,5833.40,36016491800.00
01-07-06,5833.40,5982.50,5654.60,5928.30,5928.30,28208524900.00
01-08-06,5928.30,5949.80,5752.60,5906.10,5906.10,29781300900.00
01-09-06,5906.10,6002.90,5774.50,5960.80,5960.80,31844288700.00
01-10-06,5960.80,6244.60,5897.30,6129.20,6129.20,34756904900.00
01-11-06,6129.20,6256.80,6011.80,6048.90,6048.90,35409313400.00
01-12-06,6048.80,6271.40,5985.20,6220.80,6220.80,25404344600.00
01-01-07,6220.80,6335.10,6130.20,6203.10,6203.10,73807766800.00
01-02-07,6203.10,6451.40,6166.20,6171.50,6171.50,33113526800.00
01-03-07,6171.50,6355.30,5989.60,6308.00,6308.00,40662590600.00
01-04-07,6308.00,6516.20,6293.90,6449.20,6449.20,31552436100.00
01-05-07,6449.20,6675.00,6395.50,6621.50,6621.50,40045493000.00
01-06-07,6621.40,6751.30,6451.40,6607.90,6607.90,39617755800.00
01-07-07,6607.90,6754.10,6186.20,6360.10,6360.10,38493758200.00
01-08-07,6360.10,6406.30,5821.70,6303.30,6303.30,38476548200.00
01-09-07,6303.30,6512.40,6123.10,6466.80,6466.80,35732252900.00
01-10-07,6466.80,6751.70,6413.40,6721.60,6721.60,41475583200.00
01-11-07,6721.60,6723.70,6026.90,6432.50,6432.50,32517377600.00
01-12-07,6432.50,6610.90,6251.80,6456.90,6456.90,19604099800.00
01-01-08,6456.90,6534.70,5338.70,5879.80,5879.80,68803306800.00
01-02-08,5879.80,6104.50,5681.50,5884.30,5884.30,28408840600.00
01-03-08,5884.30,5884.30,5414.40,5702.10,5702.10,30218452400.00
01-04-08,5702.10,6134.50,5670.40,6087.30,6087.30,25274143900.00
01-05-08,6087.30,6377.00,6041.10,6053.50,6053.50,23305545700.00
01-06-08,6053.50,6074.50,5470.90,5625.90,5625.90,30958200100.00
01-07-08,5625.90,5625.90,5071.10,5411.90,5411.90,38130751300.00
01-08-08,5411.90,5649.10,5299.70,5636.60,5636.60,23496934500.00
01-09-08,5636.60,5646.50,4671.00,4902.50,4902.50,34049796200.00
01-10-08,4902.50,5052.00,3665.20,4377.30,4377.30,39422701800.00
01-11-08,4377.30,4639.50,3734.10,4288.00,4288.00,26771142200.00
01-12-08,4288.00,4456.20,3973.30,4434.20,4434.20,20068050300.00
01-01-09,4434.20,4675.70,3956.70,4149.60,4149.60,54860251000.00
01-02-09,4149.60,4334.00,3760.70,3830.10,3830.10,24620222700.00
01-03-09,3830.10,3992.40,3460.70,3926.10,3926.10,32520602600.00
01-04-09,3926.10,4293.60,3838.20,4243.70,4243.70,25137931400.00
01-05-09,4243.70,4520.80,4210.80,4417.90,4417.90,22926029100.00
01-06-09,4417.90,4517.60,4213.40,4249.20,4249.20,25379501300.00
01-07-09,4249.20,4646.90,4096.10,4608.40,4608.40,22705926400.00
01-08-09,4608.40,4944.20,4595.60,4908.90,4908.90,20616527400.00
01-09-09,4908.90,5190.00,4776.50,5133.90,5133.90,22518435400.00
01-10-09,5133.90,5299.60,4955.00,5044.60,5044.60,24449723700.00
01-11-09,5044.60,5397.00,4985.10,5190.70,5190.70,21821867000.00
01-12-09,5190.70,5445.20,5175.70,5412.90,5412.90,20435954700.00
01-01-10,5412.90,5600.50,5145.70,5188.50,5188.50,44822673000.00
01-02-10,5188.50,5395.50,5033.00,5354.50,5354.50,25453436500.00
01-03-10,5354.50,5742.80,5354.50,5679.60,5679.60,25031230400.00
01-04-10,5679.60,5833.70,5533.60,5553.30,5553.30,21096454200.00
01-05-10,5553.30,5566.00,4898.50,5188.40,5188.40,61248656600.00
01-06-10,5188.40,5331.50,4898.50,4916.90,4916.90,24401952000.00
01-07-10,4916.90,5411.50,4790.00,5258.00,5258.00,20927401400.00
01-08-10,5258.00,5418.60,5070.90,5225.20,5225.20,18212358900.00
01-09-10,5225.20,5650.30,5225.20,5548.60,5548.60,17869511900.00
01-10-10,5548.60,5794.30,5547.60,5675.20,5675.20,16935426300.00
01-11-10,5675.20,5902.10,5519.20,5528.30,5528.30,19371404300.00
01-12-10,5528.30,6021.50,5528.30,5899.90,5899.90,13805135600.00
01-01-11,5899.90,6090.50,5815.40,5862.90,5862.90,35682249200.00
01-02-11,5862.90,6105.80,5861.00,5994.00,5994.00,16977620800.00
01-03-11,5994.00,6052.10,5591.60,5908.80,5908.80,19735351900.00
01-04-11,5908.80,6091.80,5858.30,6069.90,6069.90,12949138100.00
01-05-11,6069.90,6103.70,5810.50,5990.00,5990.00,35768461600.00
01-06-11,5990.00,5995.20,5644.40,5945.70,5945.70,19032766200.00
01-07-11,5945.70,6084.10,5752.80,5815.20,5815.20,17010630200.00
01-08-11,5815.20,5913.50,4791.00,5394.50,5394.50,25910288200.00
01-09-11,5394.50,5449.70,4928.10,5128.50,5128.50,20702669900.00
01-10-11,5128.50,5747.30,4868.60,5544.20,5544.20,17954993900.00
01-11-11,5544.20,5616.00,5075.20,5505.40,5505.40,21152667800.00
01-12-11,5505.40,5631.90,5328.70,5572.30,5572.30,14853676300.00
01-01-12,5572.30,5806.20,5572.30,5681.60,5681.60,39500705800.00
01-02-12,5681.60,5964.00,5680.70,5871.50,5871.50,19080523000.00
01-03-12,5871.50,5989.10,5726.50,5768.50,5768.50,21190270200.00
01-04-12,5768.50,5890.20,5576.40,5737.80,5737.80,17509200800.00
01-05-12,5737.80,5819.90,5253.90,5320.90,5320.90,19821912700.00
01-06-12,5320.90,5623.90,5229.80,5571.20,5571.20,18244741900.00
01-07-12,5571.20,5727.50,5478.00,5635.30,5635.30,14704975600.00
01-08-12,5635.30,5876.20,5633.00,5711.50,5711.50,13447450000.00
01-09-12,5711.50,5932.60,5634.90,5742.10,5742.10,16517517300.00
01-10-12,5742.10,5928.30,5738.60,5782.70,5782.70,16344114000.00
01-11-12,5782.70,5921.80,5605.60,5866.80,5866.80,16159586000.00
01-12-12,5866.80,5997.00,5852.90,5897.80,5897.80,10068193300.00
01-01-13,5897.80,6354.50,5897.80,6276.90,6276.90,28431772600.00
01-02-13,6276.90,6412.40,6216.70,6360.80,6360.80,14127015100.00
01-03-13,6360.80,6534.00,6308.60,6411.70,6411.70,15791228900.00
01-04-13,6411.70,6501.80,6214.40,6430.10,6430.10,28637721600.00
01-05-13,6430.10,6875.60,6409.80,6583.10,6583.10,15759714300.00
01-06-13,6583.10,6583.10,6023.40,6215.50,6215.50,15906792500.00
01-07-13,6215.50,6662.20,6185.20,6621.10,6621.10,14667037000.00
01-08-13,6621.10,6696.60,6386.70,6412.90,6412.90,13676112800.00
01-09-13,6412.90,6659.10,6412.90,6462.20,6462.20,15309122900.00
01-10-13,6462.20,6819.90,6316.90,6731.40,6731.40,14042142400.00
01-11-13,6731.40,6780.10,6614.00,6650.60,6650.60,12583322200.00
01-12-13,6650.60,6768.40,6422.20,6749.10,6749.10,10796315200.00
01-01-14,6749.10,6867.40,6421.30,6510.40,6510.40,30366406800.00
01-02-14,6510.40,6866.40,6416.70,6809.70,6809.70,17298837700.00
01-03-14,6809.70,6827.20,6492.60,6598.40,6598.40,18328722100.00
01-04-14,6598.40,6794.90,6507.10,6780.00,6780.00,15498792200.00
01-05-14,6780.00,6894.90,6766.80,6844.50,6844.50,13894805500.00
01-06-14,6844.50,6879.00,6701.60,6743.90,6743.90,12758465400.00
01-07-14,6743.90,6875.30,6643.60,6730.10,6730.10,13168689700.00
01-08-14,6730.10,6831.20,6528.70,6819.80,6819.80,10850819300.00
01-09-14,6819.80,6904.90,6601.60,6622.70,6622.70,15417322100.00
01-10-14,6622.70,6622.80,6072.70,6546.50,6546.50,20158414000.00
01-11-14,6546.50,6773.10,6444.90,6722.60,6722.60,14266358300.00
01-12-14,6722.60,6753.20,6144.70,6566.10,6566.10,13989469200.00
01-01-15,6566.10,6865.00,6298.20,6749.40,6749.40,15644596100.00
01-02-15,6749.40,6967.20,6732.00,6946.70,6946.70,14358563900.00
01-03-15,6946.70,7065.10,6693.80,6773.00,6773.00,17391381400.00
01-04-15,6773.00,7122.70,6765.40,6960.60,6960.60,14644991100.00
01-05-15,6960.60,7083.70,6810.10,6984.40,6984.40,15318287400.00
01-06-15,6984.40,7037.60,6521.00,6710.50,6710.50,17285508000.00
01-07-15,6521.00,6813.40,6430.40,6696.30,6696.30,19974561100.00
01-08-15,6696.30,6764.80,5768.20,6247.90,6247.90,17165806900.00
01-09-15,6247.90,6284.20,5877.10,6061.60,6061.60,17973431900.00
01-10-15,6061.60,6487.90,6051.60,6361.10,6361.10,15357871100.00
01-11-15,6361.10,6459.50,6079.80,6356.10,6356.10,14168990400.00
01-12-15,6356.10,6447.30,5871.90,6242.30,6242.30,13433251400.00
01-01-16,6242.30,6242.30,5639.90,6083.80,6083.80,17403133600.00
01-02-16,6083.80,6115.40,5499.50,6097.10,6097.10,19208966500.00
01-03-16,6097.10,6237.00,6036.70,6174.90,6174.90,16590666300.00
01-04-16,6174.90,6427.30,6061.90,6241.90,6241.90,15817457800.00
01-05-16,6241.90,6290.10,6050.20,6230.80,6230.80,15018082100.00
01-06-16,6230.80,6504.30,5788.70,6504.30,6504.30,24836871900.00
01-07-16,6504.30,6780.10,6432.50,6724.40,6724.40,19192240800.00
01-08-16,6724.40,6955.30,6615.80,6781.50,6781.50,15725368400.00
01-09-16,6781.50,6941.10,6654.50,6899.30,6899.30,18132999100.00
01-10-16,6899.30,7129.80,6898.10,6954.20,6954.20,18708869600.00
01-11-16,6954.20,6997.30,6676.60,6783.80,6783.80,20197573900.00
01-12-16,6783.80,7142.80,6678.70,7142.80,7142.80,14991595900.00
01-01-17,7142.80,7354.10,7099.20,7099.20,7099.20,17444698300.00
01-02-17,7099.20,7329.60,7093.60,7263.40,7263.40,16446446100.00
01-03-17,7263.40,7447.00,7255.80,7322.90,7322.90,20039972500.00
01-04-17,7322.90,7406.40,7096.80,7203.90,7203.90,15771258600.00
01-05-17,7203.90,7586.50,7203.90,7520.00,7520.00,18338797800.00
01-06-17,7520.00,7599.00,7302.70,7312.70,7312.70,19146718200.00
01-07-17,7312.70,7515.10,7303.50,7372.00,7372.00,16029984200.00
01-08-17,7372.00,7551.90,7289.20,7430.60,7430.60,14502712300.00
01-09-17,7430.60,7460.50,7196.60,7372.80,7372.80,15456243700.00
01-10-17,7372.80,7565.10,7372.70,7493.10,7493.10,17215435300.00
01-11-17,7493.10,7582.90,7326.70,7326.70,7326.70,18219002800.00
01-12-17,7326.70,7697.60,7288.70,7687.80,7687.80,13803243500.00
01-01-18,7687.80,7792.60,7521.80,7533.60,7533.60,16511936800.00
01-02-18,7533.60,7554.70,7073.00,7231.90,7231.90,16611916700.00
01-03-18,7231.90,7254.90,6866.90,7056.60,7056.60,17113890000.00
01-04-18,7056.60,7546.20,6971.80,7509.30,7509.30,15620275100.00
01-05-18,7509.30,7903.50,7492.40,7678.20,7678.20,18687364400.00
01-06-18,7678.20,7793.50,7508.30,7636.90,7636.90,19442604000.00
01-07-18,7636.90,7782.90,7540.70,7748.80,7748.80,15591645900.00
01-08-18,7748.80,7790.20,7428.70,7432.40,7432.40,15162821300.00
01-09-18,7432.40,7552.00,7220.50,7510.20,7510.20,14865089900.00
01-10-18,7510.20,7526.20,6851.60,7128.10,7128.10,18596140600.00
01-11-18,7128.10,7196.40,6904.20,6980.20,6980.20,18276805900.00
01-12-18,6980.20,7145.50,6536.50,6728.10,6728.10,14897127200.00
01-01-19,6728.10,7001.90,6599.50,6968.90,6968.90,14980085300.00
01-02-19,6968.90,7261.60,6968.90,7074.70,7074.70,13263289400.00
01-03-19,7074.70,7370.60,7074.70,7279.20,7279.20,15186032200.00
01-04-19,7279.20,7528.90,7279.20,7418.20,7418.20,13287624400.00
01-05-19,7418.20,7446.50,7130.90,7161.70,7161.70,15295061400.00
01-06-19,7161.70,7469.20,7079.70,7425.60,7425.60,14112662400.00
01-07-19,7425.60,7727.50,7425.60,7586.80,7586.80,14244748100.00
01-08-19,7586.80,7610.00,7020.20,7207.20,7207.20,15937435200.00
01-09-19,7207.20,7440.80,7199.40,7408.20,7408.20,15855477100.00
01-10-19,7408.20,7433.20,7004.40,7248.40,7248.40,18280051200.00
01-11-19,7248.40,7446.00,7197.30,7346.50,7346.50,14294070300.00
01-12-19,7346.50,7665.40,7131.20,7542.40,7542.40,14581087800.00
01-01-20,7542.40,7689.70,7275.00,7286.00,7286.00,13224760700.00
01-02-20,7286.00,7547.70,6460.10,6580.60,6580.60,16563821000.00
01-03-20,6580.60,6856.30,4898.80,5563.70,5563.70,35811616000.00